name,description,category,email,password,instagram,discord
Moore - Cassin,Stand-alone disintermediate initiative,Cultural,Glen.Lindgren@yahoo.com,QcLhhje6V9hseMk,https://unripe-soldier.name/,https://functional-normal.info
"Stamm, Schmitt and Weimann",Organic incremental framework,Creative Arts & Music,Marian71@gmail.com,CQ5na_Anirqn5a1,https://cultured-quiver.info/,https://inconsequential-gazelle.com/
Lang Group,Universal secondary alliance,Charitable & Community Service,Bernard_Bergnaum0@hotmail.com,7kLX1gArIjuI6So,https://accurate-helmet.info,https://grimy-rhinoceros.biz
Casper and Sons,Grass-roots incremental customer loyalty,Tech,Skye48@gmail.com,IG1LZtVj_GbMn47,https://accurate-flight.name,https://imperfect-competitor.biz/
Brakus - Greenholt,Compatible maximized capability,Media,Luz.Tremblay@gmail.com,Cw2vXvXgohX6DaB,https://black-and-white-victim.name,https://buoyant-incarnation.info
"DuBuque, Boyle and Greenholt",Synergized contextually-based archive,Tech,Camila_Brakus7@gmail.com,FxaYzLoy6WmOwun,https://boring-dimple.org/,https://wavy-affidavit.info
"Champlin, Botsford and Gerlach",Reverse-engineered heuristic info-mediaries,Academic,Hazel_Reynolds50@hotmail.com,Flg2LqpfeiQC8TN,https://negative-bond.com,https://snoopy-pencil.name/
Nitzsche Inc,Operative intermediate model,Creative Arts & Music,Geraldine.Schultz41@gmail.com,GJSBGPZgUeR47T0,https://paltry-innervation.org,https://murky-movement.org/
Schumm and Sons,Seamless directional analyzer,Creative Arts & Music,Archibald_Lang@hotmail.com,hgsnbvaILhLhb_a,https://amusing-gate.net/,https://barren-mentor.name/
Littel - Welch,Integrated bi-directional success,Tech,Astrid_Watsica@gmail.com,daKfosLZ8CD8LZf,https://fumbling-trap.org/,https://far-flung-dancing.net/
Okuneva - Tillman,Down-sized modular groupware,Media,Vena.MacGyver91@hotmail.com,VcBWoolWEuXMXBG,https://trusty-scientist.com,https://inferior-breakdown.name
Larson LLC,Persevering composite installation,Cultural,Clare78@hotmail.com,TQay6JGDxSxScyD,https://bruised-cork.biz,https://medium-onset.org
"Schiller, Haley and Hane",Intuitive solution-oriented model,Health,Elyssa_Hickle60@hotmail.com,tlE1DuM04gk0kpl,https://flaky-cyst.info/,https://present-sandbar.info
Dicki - Beahan,Enhanced impactful contingency,Creative Arts & Music,Jaycee.Stoltenberg83@gmail.com,EXEvuMrGxRlRvMm,https://speedy-verb.name,https://ill-maybe.name
Stark LLC,Streamlined tertiary infrastructure,Environmental and Sustainability,Arielle.Yundt@gmail.com,hhedpPkdZMPjOL2,https://intrepid-configuration.org/,https://quick-witted-class.name
Kertzmann Inc,Versatile multi-tasking pricing structure,Creative Arts & Music,Myriam62@yahoo.com,JKs8hVtVzUZEym6,https://distinct-injustice.org/,https://mealy-west.org/
Smitham and Sons,Right-sized demand-driven migration,Political & Social,Nigel.Leannon18@hotmail.com,iLuA4Orz4bsWXBD,https://weird-tonic.biz/,https://angry-god.net/
Pacocha - Corwin,Total 24 hour local area network,Health,Nyah.Bergstrom@gmail.com,ReaQeh_zNlxg5bK,https://giddy-skate.net,https://svelte-impress.org
Bogisich and Sons,Virtual eco-centric monitoring,Political & Social,Delaney33@gmail.com,LNbP0UD4SqjBIF9,https://likable-canopy.org/,https://enchanted-antigen.name/
Rice - Gerhold,Advanced zero defect support,Environmental and Sustainability,Craig86@yahoo.com,MNxEypUUy_TAe5Y,https://awful-backpack.info,https://raw-instance.org/
"Spinka, Zemlak and Cruickshank",Compatible logistical alliance,Health,Noel13@hotmail.com,lq_fdd9Oqxk4Qfn,https://infinite-timer.com,https://edible-sow.biz
Volkman LLC,Team-oriented logistical toolset,Political & Social,Bailey46@gmail.com,LRjM4svd3mCa6ku,https://recent-brochure.name/,https://wan-well.org/
Gislason - McLaughlin,Sharable content-based standardization,Tech,Rahul10@gmail.com,3oaohxgvmpEAXSv,https://faint-embarrassment.name,https://bad-decade.com
Rempel Inc,Open-source systematic toolset,Games & Recreational,Annetta.Smith@gmail.com,g3HXOUk8gYIcUkT,https://jubilant-cupboard.info/,https://clueless-present.biz/
Hegmann - Powlowski,Distributed multimedia hub,Political & Social,Oda.Stoltenberg98@hotmail.com,bWZoMfXaOXBJcAQ,https://sane-sausage.org,https://cautious-lute.name/
Shanahan - Hyatt,Reverse-engineered bandwidth-monitored ability,Academic,Abbie_Dooley17@gmail.com,v03vGSw_eRcVrHW,https://delightful-retrospective.org/,https://boiling-ottoman.biz
Bogan - Keebler,Integrated systematic function,Creative Arts & Music,Lenore.Gorczany@hotmail.com,R4GUzwFTXZCW6cX,https://average-spreadsheet.org,https://thirsty-rediscovery.name
Daugherty Group,Front-line empowering superstructure,Games & Recreational,Camila.Schinner@hotmail.com,biEsD0RGFTK9_gu,https://partial-good.com,https://high-omega.info/
Romaguera Inc,Mandatory client-server standardization,Athletic,Lauriane65@hotmail.com,QYvrIMhZaM9bTgc,https://academic-balalaika.biz,https://red-player.name
Daugherty and Sons,Synergized hybrid challenge,Cultural,Enos32@hotmail.com,TqdoVxskiNdLg4N,https://selfish-milepost.info,https://stained-ethnicity.net
Nolan - Deckow,Reactive systematic array,Academic,Vernie_Emmerich67@gmail.com,Yloyc8LUSW3QfKg,https://sweet-petticoat.biz,https://gracious-derivative.name
Cruickshank Group,Up-sized grid-enabled service-desk,Cultural,Antonette.Wolf@hotmail.com,bAsyWXmlK9kNmE2,https://low-processing.org,https://square-comptroller.biz
"Hyatt, Franecki and Mertz",Distributed intangible installation,Athletic,Vena_Wehner@yahoo.com,Ifwq7T7O0a4_54g,https://firm-airbag.name,https://required-calculus.biz
"Heller, Ziemann and Murazik",Optional explicit monitoring,Political & Social,Chet.Huels@yahoo.com,Rht3qriAexdnisU,https://altruistic-bandwidth.info/,https://complete-crust.biz
"Hirthe, Hoeger and Kerluke",Open-architected human-resource focus group,Health,Matteo88@yahoo.com,LqenNoxw75ADE11,https://angelic-compass.org/,https://absolute-squeegee.net/
Quigley Group,Intuitive bandwidth-monitored budgetary management,Health,Teresa47@hotmail.com,nes40pY5W3BOL7q,https://cooked-men.biz,https://unfit-sherbet.net/
"Kerluke, Rath and Gerhold",Monitored optimizing middleware,Health,Alene95@hotmail.com,wdYli83I9ZKxY8f,https://rash-reserve.com/,https://idle-editing.com
Dibbert Inc,Profound modular focus group,Business & Entrepreneurial,Marlin_Considine@hotmail.com,tqTbZprr4M6y6Uq,https://slippery-congressperson.info/,https://front-start.com
"Johnson, Mante and Padberg",Digitized exuding portal,Games & Recreational,Agnes_MacGyver@hotmail.com,eiTrMAlWXC7r2mT,https://considerate-curry.net/,https://handy-diaper.org/
Graham - Gorczany,User-centric reciprocal methodology,Games & Recreational,Brock9@gmail.com,yrQQ2RASJquZkBW,https://lean-reversal.com/,https://agonizing-affiliate.info
Stroman Group,Grass-roots mission-critical help-desk,Political & Social,Elena_Veum23@gmail.com,BO7nYsAEvEIx9GM,https://moist-ethnicity.net/,https://expert-pot.net
Gutkowski - Reynolds,Robust heuristic project,Academic,Delphia_Kub@hotmail.com,k0M0MiGQtWvXrLj,https://bulky-excellence.net,https://anguished-albatross.com/
Douglas - Howe,Open-architected executive knowledge base,Media,Phyllis.Olson12@yahoo.com,hp8nmfPrDXLLndn,https://velvety-chemotaxis.net,https://defenseless-willow.name
"Vandervort, Wunsch and Heidenreich",Distributed secondary parallelism,Tech,Elenor.Lueilwitz@yahoo.com,8RV2c4k67w1Ah_m,https://bewitched-wilderness.name/,https://frayed-pork.biz
"Volkman, Reynolds and Kuhic",Customer-focused cohesive workforce,Academic,Carolanne_Fritsch85@gmail.com,JOFnNHiAfkG7RuU,https://damaged-piety.com/,https://ill-fated-heartbeat.com
"Graham, Walker and Kreiger",Distributed high-level ability,Tech,Moises_Tromp@yahoo.com,bxykFQUUnc_d8Rr,https://deserted-shoelace.com,https://surprised-armchair.net/
"Bartell, Bashirian and Heller",Reverse-engineered fresh-thinking definition,Games & Recreational,Adeline.Haley@hotmail.com,yKyi0rsqNqu8fCn,https://pointed-war.info/,https://melodic-story-telling.net
"Rowe, Smith and Altenwerth",Automated well-modulated system engine,Health,Jovanny.Prohaska81@hotmail.com,4E7AVZpWYgUisY0,https://graceful-building.info/,https://circular-foot.name
"Bechtelar, Heathcote and Marks",Cross-platform non-volatile projection,Games & Recreational,Payton_Swaniawski@hotmail.com,T5Btlp1MYOC2BDa,https://sad-reamer.name/,https://vacant-relaxation.org/
Goyette - Bergnaum,Quality-focused demand-driven concept,Athletic,Richmond99@yahoo.com,uKYnGQdUxC9ijMX,https://bumpy-anterior.info,https://ornery-curve.org
"Ondricka, Kuhn and Ledner",Realigned 24/7 installation,Health,Presley_Osinski@yahoo.com,FuiadHb3dHpWfPS,https://relieved-elimination.info/,https://burdensome-promotion.net/
Upton Inc,Face to face asymmetric adapter,Creative Arts & Music,Elmira_Spencer30@yahoo.com,ZSK89Czp47FqtS7,https://deep-crystal.name/,https://untrue-essay.biz/
"Ratke, Batz and Reichert",Vision-oriented composite forecast,Political & Social,Carol12@yahoo.com,p9DMivicDxliPJ6,https://verifiable-sequence.name/,https://humble-certainty.info/
Windler LLC,Decentralized foreground conglomeration,Games & Recreational,Spencer64@yahoo.com,Vd0iBLj0crGstxF,https://nonstop-snowmobiling.biz/,https://admired-flock.com/
Sporer - Weber,Ergonomic maximized throughput,Tech,Marta42@yahoo.com,3iJSewWvXAThMRB,https://stark-scratch.name,https://virtual-limestone.info/
Wolf and Sons,Object-based static challenge,Academic,Delilah.Schuster38@gmail.com,nyrNvdmI17sGGvx,https://sunny-rite.com,https://excellent-cantaloupe.biz/
Heidenreich - Morissette,Reverse-engineered real-time interface,Business & Entrepreneurial,Dan.Crona@hotmail.com,cqhi0szhaLrp0Yu,https://lucky-airfield.org,https://unknown-screw-up.name/
Stamm Inc,Versatile zero tolerance moderator,Media,Clint.Mayert@yahoo.com,taC57q4npAKWiCO,https://extroverted-oatmeal.info/,https://yummy-mandolin.com
Feest and Sons,Synergistic solution-oriented secured line,Athletic,Gardner3@gmail.com,Wv2VfdjAujA32SY,https://tinted-minimalism.name,https://yawning-priest.org
"Wiegand, Hettinger and Romaguera",Managed interactive hub,Business & Entrepreneurial,Ona.Hahn@gmail.com,NajsRfyCqBO14yv,https://upbeat-pence.com/,https://jaunty-vector.biz/
"Harvey, Hayes and Parisian",Enterprise-wide grid-enabled parallelism,Charitable & Community Service,Norene_Quitzon@yahoo.com,6VREs6Rk5A1glBx,https://antique-toffee.biz,https://worrisome-heaven.com
King - Johnson,Assimilated solution-oriented approach,Media,John.Feest8@hotmail.com,gYvzaz10l_POtjE,https://ill-informed-mainland.biz,https://threadbare-twister.net
"Cruickshank, Cormier and Cremin",Grass-roots hybrid hardware,Business & Entrepreneurial,Giovani.Bechtelar@hotmail.com,wra_Gj3w76OXSuA,https://knotty-hockey.net,https://faint-constraint.biz
Keebler - Tromp,Centralized reciprocal open system,Political & Social,Stephanie_Carroll66@yahoo.com,qiwpsOq3g1oBWik,https://grave-permafrost.biz,https://scary-frost.com
Nicolas Group,Profit-focused multi-state product,Athletic,Adaline.Purdy20@gmail.com,4rTlzrjAhdVWPRD,https://neighboring-accounting.net,https://lucky-philosopher.name/
Green - Hintz,Expanded leading edge frame,Charitable & Community Service,Brain26@yahoo.com,M_RrBYnFXFB3x2Y,https://big-gray.net,https://courteous-circumference.net/
Stracke - Altenwerth,Pre-emptive value-added strategy,Creative Arts & Music,Hayden_Nikolaus57@hotmail.com,eShqbZrJndUECye,https://unfit-diarist.org/,https://shiny-card.org
Walker and Sons,Vision-oriented intangible leverage,Political & Social,Gino.Mitchell53@gmail.com,hjEDCzOPVQ7TNy0,https://snoopy-afterthought.net,https://entire-pest.biz/
Emard - Mitchell,Upgradable contextually-based support,Charitable & Community Service,Paolo87@yahoo.com,mPkHG2yvGFqMVkQ,https://scared-faucet.net/,https://sharp-immigration.com
Prohaska - Roberts,Re-contextualized content-based projection,Tech,Lafayette_Murphy@yahoo.com,uSO7vyi4CcukwDJ,https://dazzling-budget.name,https://wise-ravioli.org
Botsford - O'Reilly,Enhanced client-server structure,Business & Entrepreneurial,Kyler.Gutkowski@yahoo.com,y2pKHxuCxBEYRNN,https://piercing-nylon.biz,https://jumbo-fortnight.info
Daniel LLC,Phased bottom-line instruction set,Athletic,Fay.Schiller92@hotmail.com,7UhNWxY5buUlz35,https://astonishing-metabolite.biz,https://nice-puddle.info/
"Altenwerth, Predovic and Kuhic",Phased dedicated framework,Athletic,Mike.Goldner@yahoo.com,kIqkGu64M4QkGkD,https://neat-context.com,https://whopping-village.info
Walker - Morissette,Enhanced zero defect conglomeration,Tech,Kenyon.Waters45@gmail.com,oxgQxzF8liabHaK,https://untimely-grease.name/,https://miniature-jazz.name/
Jakubowski - Wiza,User-centric human-resource pricing structure,Political & Social,Emmie.Keeling10@gmail.com,Mls8_3GlS8HiMUg,https://detailed-profession.name,https://fixed-delight.org
"Tremblay, Schowalter and Schowalter",Digitized leading edge protocol,Cultural,Tyshawn_Bogisich74@yahoo.com,iwMSIDVBR3QC0k3,https://soggy-flare.org/,https://hopeful-framework.info
"Kihn, Bailey and Mante",Switchable attitude-oriented array,Tech,Ernest_Stroman29@yahoo.com,rh4PXNSWnr5__96,https://green-chance.net/,https://pushy-gnat.net/
"Casper, Bogan and Ferry",Customer-focused hybrid projection,Business & Entrepreneurial,Lavina.Shields68@hotmail.com,PNDv5qfpf_LpUHg,https://illiterate-resort.com,https://buzzing-counter-force.biz/
Kuhn - Pouros,Fully-configurable human-resource encryption,Political & Social,Hollie_Schaden96@hotmail.com,0uGr7RY2CbpVhsX,https://authentic-magazine.org,https://fragrant-tributary.net
Mosciski Inc,Persistent zero defect process improvement,Health,Monte_Moore@hotmail.com,yGXIVmqOJ0nE2po,https://impressionable-hermit.org/,https://advanced-preservation.info
"Jones, Morar and Breitenberg",Re-engineered modular concept,Business & Entrepreneurial,Einar44@hotmail.com,puWHuCJmZV7JXT_,https://biodegradable-tenor.biz/,https://loud-trapezoid.biz/
"Zemlak, Huels and Muller",Synergized bi-directional algorithm,Athletic,Destany.Conn@gmail.com,P4_DdEstI5bq3FK,https://hopeful-cause.biz/,https://frozen-wiseguy.com
Brakus Group,Virtual incremental project,Business & Entrepreneurial,Santiago6@gmail.com,9oC6O67fvW6aNLA,https://proud-fob.info,https://rubbery-mouser.info
Howe - Romaguera,Object-based asynchronous customer loyalty,Political & Social,Marjory_McClure@gmail.com,Ou1LK0OIZ56TEcv,https://peppery-odometer.org/,https://gigantic-diarist.net
"Schinner, Toy and Schroeder",Multi-layered leading edge contingency,Cultural,Kaia.Franey39@hotmail.com,kPCehNgM2FZhrHl,https://calculating-evil.com,https://dreary-glockenspiel.info
Pouros Group,Total zero administration encoding,Creative Arts & Music,Arnold.Baumbach@gmail.com,yQfjoDEiGcL4xKU,https://speedy-prophet.com/,https://devoted-software.name
Hayes - Cruickshank,Triple-buffered empowering superstructure,Political & Social,Roselyn.Schneider7@gmail.com,DuKzAAwYz68i0Go,https://calm-author.info,https://sane-sand.com/
Hackett and Sons,Devolved static data-warehouse,Academic,Elvie.Schuster49@yahoo.com,XfUxZ6A2n3lpKdd,https://flickering-vulture.org/,https://prime-bloomer.com
"Thiel, Hintz and Smith",Implemented holistic leverage,Health,Sim_Jerde@yahoo.com,wSZMFbMLHAITjCZ,https://far-off-fort.net,https://similar-wagon.info
Kunze - Schroeder,Synergized tertiary website,Cultural,Lemuel.Huel46@yahoo.com,SpnoydfVYsNy2ss,https://wicked-pseudoscience.com,https://novel-halt.org
Hermiston Group,Compatible composite moratorium,Charitable & Community Service,Stacy89@yahoo.com,oOEPkDj2De3r6H0,https://surprised-local.net/,https://proper-cuff-link.org/
Schamberger and Sons,Centralized exuding interface,Cultural,Sadie29@gmail.com,2hootTQsZPKhuGU,https://deserted-surrounds.com,https://qualified-mast.org/
Auer - Little,Advanced grid-enabled website,Cultural,Clare_Kemmer72@hotmail.com,oPrETkY1CLh6snH,https://half-soldier.net/,https://sudden-herring.info
Mertz - Mosciski,Focused eco-centric alliance,Health,Zachariah_Williamson@gmail.com,xD62ErdGyY0i024,https://jaunty-coffin.name,https://immediate-songbird.name/
Kuphal LLC,Persistent high-level circuit,Charitable & Community Service,Patsy.Hudson@hotmail.com,Ika7z2dDmGPfWHb,https://unfinished-ice-cream.name/,https://recent-mandarin.name/
Quigley - Thompson,Multi-tiered motivating policy,Charitable & Community Service,Alf29@yahoo.com,0q6hSDSlUrGjvAH,https://idle-balloon.biz/,https://fatal-ash.net/
"Streich, Kub and Bogisich",Virtual optimal attitude,Creative Arts & Music,Kristopher.Morar6@gmail.com,XJNjEBagguZqSah,https://caring-exhibition.info/,https://sniveling-baker.com/
Kemmer - Heller,Vision-oriented interactive focus group,Cultural,Sheridan.OReilly73@hotmail.com,zEqsdRzJXCNc7oQ,https://knowledgeable-breeze.name/,https://digital-airship.net
Koch LLC,Universal leading edge time-frame,Academic,Breanna33@hotmail.com,vmOZN_IrkxFeDe5,https://celebrated-scallion.org,https://snappy-pretzel.biz
"Beier, Baumbach and Medhurst",Face to face 6th generation superstructure,Environmental and Sustainability,Robin97@hotmail.com,9MGyNED9VDoeUs7,https://rural-still.net,https://inconsequential-polyp.biz/
Brown Group,Business-focused upward-trending toolset,Political & Social,Mikayla_Nader67@yahoo.com,3mVR6y0QTr4SoK1,https://firsthand-carving.name/,https://frozen-pathogenesis.net/
Quitzon - Feest,Down-sized background artificial intelligence,Health,Esmeralda_Daniel16@yahoo.com,sFZ8S2S9IHVQfr0,https://unruly-exile.name,https://sweet-ladder.com
"Morar, Pfeffer and Block",Mandatory client-driven success,Business & Entrepreneurial,Coleman.MacGyver2@gmail.com,ScIo99cjjZvyJoG,https://valid-expertise.info,https://distant-recreation.name/
"Keeling, Streich and Murray",Assimilated client-driven hardware,Health,Abbigail_Tromp@hotmail.com,UmE76Y4nTtfZDiJ,https://married-reader.biz,https://sinful-forte.info
"Schmitt, Zboncak and Gutmann",Universal actuating instruction set,Athletic,Emil_Kutch28@gmail.com,yyYrgRI0O3K9RFY,https://prestigious-caribou.biz,https://euphoric-credenza.com/
"Larson, Lynch and Simonis",Synergistic full-range internet solution,Cultural,Edmund.Mayer0@gmail.com,Ztd0AOrz6K_c9QG,https://favorable-poster.name/,https://attractive-rug.biz
Zulauf - Block,Assimilated demand-driven access,Academic,Favian.Cremin@yahoo.com,m217UIMm1GgBuw1,https://scary-sister.com,https://grubby-senior.org
Hyatt LLC,Integrated uniform complexity,Tech,Savanna_Herzog64@gmail.com,jF79qBoHQJD7SAr,https://harmless-section.biz/,https://kaleidoscopic-freelance.org/
Haley - Ziemann,Distributed encompassing groupware,Creative Arts & Music,Columbus_Hettinger@gmail.com,WFXV5m9oMlZHLsk,https://fresh-pentagon.com,https://ordinary-socialism.info/
"Renner, Schamberger and Greenfelder",Reactive web-enabled parallelism,Charitable & Community Service,Margie96@yahoo.com,evHHRmwzyA6r89Q,https://far-flung-quote.name/,https://adored-chopsticks.info
Wunsch - Gusikowski,Optimized incremental definition,Creative Arts & Music,Anissa.Bayer@hotmail.com,g6P1Pv7vcxnQxfY,https://sore-bud.net,https://enlightened-hornet.net
Block - Fisher,Multi-channelled upward-trending flexibility,Political & Social,Dandre_Tromp65@gmail.com,KBuJ6cohuxVQdi0,https://ironclad-potential.info/,https://complete-fairness.name/
Jakubowski LLC,Universal composite application,Academic,Tomasa5@gmail.com,4JzdEoxvduffaHr,https://phony-grade.biz,https://trim-boon.net
Crist - Treutel,Mandatory local structure,Environmental and Sustainability,Evangeline.Reynolds44@yahoo.com,yVOoCAQKmtz8BQ0,https://feline-timpani.org/,https://bland-rider.biz/
Jast and Sons,Front-line stable focus group,Athletic,Clyde.Wuckert80@yahoo.com,6seK75w4L_viytP,https://exemplary-screw.name,https://hilarious-eve.net/
"Gerlach, Littel and Miller",Synergized system-worthy model,Charitable & Community Service,Margarett77@gmail.com,50cCnEtckVRG9Qp,https://fine-sociology.com,https://agreeable-breakpoint.name/
Bashirian - Mosciski,Diverse secondary interface,Athletic,Elmer_Gulgowski@yahoo.com,uL6MgWGNXAQpQDB,https://utilized-bottling.info/,https://buzzing-medal.info
Nader - Von,Adaptive transitional attitude,Athletic,Osvaldo_Fahey22@gmail.com,qCYJ2FeK6FDLuay,https://rich-ex-wife.name,https://other-songbird.org
Turcotte - Koepp,Vision-oriented high-level synergy,Creative Arts & Music,Spencer31@gmail.com,jrc6Xyg1F1oVFTb,https://honored-sailor.biz,https://mammoth-symbol.info
"Brown, Grady and Rohan",Reduced clear-thinking service-desk,Tech,Clark88@yahoo.com,KCTcriJRs53Ubbq,https://witty-washbasin.org,https://snoopy-harmony.com
"Koss, Jacobs and Erdman",Innovative even-keeled open system,Media,Ivah_Funk@gmail.com,FUASbPxZ1sPPpwh,https://loathsome-exception.name/,https://smug-envy.info/
Gibson - Abernathy,Intuitive 24/7 alliance,Creative Arts & Music,Idella_Walsh@yahoo.com,ryCtO_KmcmVGnKK,https://grouchy-pentagon.org,https://rusty-floor.biz/
Turner Inc,Networked scalable archive,Cultural,Marta.Zulauf76@yahoo.com,Y6fjtngEqaEMaM7,https://unripe-pyridine.net/,https://dizzy-councilperson.name
Frami Inc,Persevering didactic hierarchy,Media,Santa_Jacobs@gmail.com,pD_JjapXCPDfGje,https://tall-transmission.com/,https://spiffy-skirt.info/
Dietrich and Sons,Ergonomic eco-centric function,Political & Social,Rebeka.Sawayn@gmail.com,LQh1jRhM1mkIYJG,https://querulous-schedule.biz,https://concrete-kilt.com
"Legros, Leffler and Gleason",Vision-oriented zero defect help-desk,Athletic,Michael85@gmail.com,6n5IRqaam8MUjZl,https://both-orchard.name,https://deafening-obsidian.name
"Senger, Smitham and Gleichner",Open-architected disintermediate knowledge base,Tech,Remington_Yost93@gmail.com,zRhn2nP5CqCqRjv,https://tiny-standard.info/,https://possible-supply.net/
Schneider - Ortiz,Balanced logistical archive,Athletic,Ferne16@hotmail.com,o8oAbYjJloHnhBO,https://questionable-radiator.com,https://imperturbable-monitoring.com/
Kuhic - Altenwerth,Intuitive tertiary migration,Games & Recreational,Lisandro_Greenholt62@yahoo.com,KZM95pz9JJPm93O,https://smug-meatball.name/,https://every-founder.net/
Bogan - Rodriguez,Synchronised radical focus group,Political & Social,Russell.Ward@hotmail.com,R8FG0DELIDQ7dpc,https://suburban-watch.org,https://large-reamer.info/
"Kub, Bergstrom and Miller",Progressive local conglomeration,Games & Recreational,Jerome_Vandervort31@yahoo.com,8T8bugr20rvM6hr,https://medium-excuse.net,https://dirty-half.info/
Bahringer Group,Decentralized transitional data-warehouse,Cultural,Furman.Wiegand@hotmail.com,pIwo5s5b33iZ2HC,https://gruesome-roll.net/,https://twin-insect.biz/
Harvey LLC,Customizable local leverage,Political & Social,Myrna_Tromp13@gmail.com,UDBwy2EwGoaoG0L,https://knobby-milkshake.net/,https://joyous-verb.org
Bogan Inc,Profound systematic portal,Health,Rocio13@yahoo.com,25ZW15uood8IuUO,https://live-telescreen.com,https://sentimental-tanker.info/
Wisozk Inc,Polarised 4th generation encoding,Academic,Dena_Hudson65@yahoo.com,FUpaWrefPSuQ0vj,https://gloomy-hydrolyse.name,https://enormous-patience.com/
"Botsford, Runolfsson and Leannon",Pre-emptive mobile migration,Media,Shania_Schowalter63@hotmail.com,FIs8DbyKzpPxwOh,https://sturdy-recommendation.biz,https://honest-show.biz/
Feest - Abbott,Multi-layered clear-thinking customer loyalty,Creative Arts & Music,Alejandra.Wyman@hotmail.com,PM1a5h_rNc0st20,https://monthly-stay.com,https://unique-council.com
Carroll - O'Hara,Customer-focused systematic attitude,Charitable & Community Service,Armando_Shields66@hotmail.com,sjCCCLzMnzkOPmK,https://flat-citizenship.biz,https://miserly-polliwog.info/
Marvin - Huel,De-engineered holistic Graphical User Interface,Health,Cecilia_Stanton@gmail.com,fdq9HNh6j2GjVXw,https://lanky-combination.org/,https://white-population.name
Runolfsdottir and Sons,Adaptive discrete Graphic Interface,Charitable & Community Service,Violette_Zulauf@yahoo.com,kWMKWycLLvagNln,https://useless-issue.name,https://complex-backpack.com
Johnson and Sons,Cloned asynchronous synergy,Creative Arts & Music,Hailee.Reichel54@hotmail.com,HzEDlg2LZRWdBgm,https://understated-elicit.biz,https://unnatural-poetry.org/
Towne - Wilderman,Focused radical throughput,Business & Entrepreneurial,Dewayne93@gmail.com,NmdpzycFfum7UAC,https://multicolored-behest.com/,https://splendid-intention.com/
"Kilback, Hayes and Mosciski",Sharable systematic interface,Creative Arts & Music,Yasmin_Lubowitz34@gmail.com,d4rknhyX9vxh6fF,https://early-daddy.info/,https://limited-hedge.net
"Pfeffer, Vandervort and Reichel",Upgradable non-volatile archive,Health,Luella.Turcotte78@yahoo.com,ZKe_ZZ0aXu2gjnB,https://profitable-complication.name,https://bite-sized-entree.com
"Wilderman, Thompson and Skiles",Ergonomic bottom-line approach,Environmental and Sustainability,Silas.Torp50@hotmail.com,bxCl6wUZun4klUi,https://revolving-pyridine.com/,https://euphoric-implication.net/
Runolfsson - Dibbert,Multi-tiered 24/7 installation,Creative Arts & Music,Sylvia_Cole61@gmail.com,mODQAvHP1PMTivn,https://polished-toothbrush.com,https://dry-abbreviation.com
Oberbrunner LLC,De-engineered directional knowledge user,Games & Recreational,Frederic.Cronin99@yahoo.com,d4Zveh1ncvE8KkN,https://busy-chap.info/,https://regal-spyglass.name
Emard LLC,Digitized reciprocal instruction set,Media,Wilfrid71@gmail.com,tNlcNX9ZktbbhQ6,https://powerful-seal.com,https://naughty-atheist.net/
"Stracke, Nitzsche and Gorczany",Optimized transitional matrices,Health,Ferne.Sauer-Rempel90@hotmail.com,CFDtIGhQFdBfbjZ,https://judicious-boon.biz,https://ambitious-workplace.net/
"Hayes, Muller and Schamberger",Organized neutral budgetary management,Academic,Josh.Nader@hotmail.com,Uw2Oa9czxa1mwVr,https://pleasing-lord.info/,https://glorious-fish.com/
"Morissette, Grant and Douglas",Team-oriented tangible focus group,Business & Entrepreneurial,Trystan20@yahoo.com,QJRLL26IJ1XwZ1G,https://infinite-watcher.com,https://dizzy-rostrum.com/
"Bradtke, Wehner and O'Keefe",Grass-roots contextually-based strategy,Creative Arts & Music,Timmothy_Crona@gmail.com,pgvlxgaX48J6htH,https://well-off-leopard.biz,https://rusty-cabin.com/
"Mante, Gerhold and Bayer",Assimilated static support,Tech,Hortense_Beer94@hotmail.com,GeIQcX9yCnupLW3,https://critical-utilisation.net,https://descriptive-jar.name
Fahey LLC,Reverse-engineered heuristic interface,Environmental and Sustainability,Emmet36@hotmail.com,bvw6SZeGLXfauQn,https://valuable-baggie.net,https://decent-scent.name/
Ritchie and Sons,Optional encompassing system engine,Media,Abby_Wintheiser@hotmail.com,eAAW5NCPdQ0v2eJ,https://buttery-rehospitalization.org,https://unnatural-accusation.biz
"Collier, Ebert and Cartwright",Team-oriented full-range protocol,Health,Lazaro.Ratke@hotmail.com,3tNCSz3hI2nj79h,https://steep-bidet.net,https://homely-smelting.org/
Corkery Inc,Enhanced uniform concept,Creative Arts & Music,Imogene.Balistreri@hotmail.com,vOpueOjAUmhoysu,https://quarrelsome-journey.biz,https://selfish-detour.com
Heaney Inc,Sharable dedicated algorithm,Games & Recreational,Paxton44@hotmail.com,aFEp0fJejSFZqXx,https://descriptive-panic.biz,https://spotted-gong.com/
Mitchell Group,Optional impactful utilisation,Academic,Ally77@hotmail.com,OXfRTS_uzeUfD6m,https://content-nucleotide.biz/,https://jealous-ex-wife.name
Schinner - Langworth,Reactive optimizing hardware,Creative Arts & Music,Arvel_Maggio@hotmail.com,76I63K3HEYjJZyN,https://brief-crazy.com,https://unsteady-fund.info/
Fisher - Paucek,Implemented optimizing initiative,Cultural,Zaria43@yahoo.com,LRdP5QJCGb3xRGR,https://reckless-impairment.info/,https://growing-sun.net
"Conn, Green and Zieme",Grass-roots context-sensitive capability,Political & Social,Zoey66@hotmail.com,HOTKM9d1vboO5tn,https://wild-bat.biz,https://exalted-riser.org/
Bartell - Hilll,Re-contextualized local productivity,Charitable & Community Service,Jordi14@yahoo.com,7tmfOdjKaghEN5t,https://dual-tritone.biz/,https://tiny-sow.biz
"Hodkiewicz, Emard and Bernhard",Advanced multi-tasking alliance,Environmental and Sustainability,Demetrius_Weissnat65@hotmail.com,QdFAzNcf0YZOIM9,https://greedy-conservation.com,https://spotted-cuticle.org
O'Connell - Johns,Integrated contextually-based middleware,Games & Recreational,Vidal.Leuschke29@hotmail.com,hvylNBqPrW9yXPL,https://frugal-pannier.biz/,https://popular-gum.net
Leuschke LLC,Right-sized empowering intranet,Health,Ayana_Bayer@gmail.com,mZWWvBJmIqgevN4,https://lone-endpoint.net,https://antique-guestbook.com/
"Anderson, Skiles and Sawayn",Triple-buffered national budgetary management,Political & Social,Abbey.Carter6@hotmail.com,q7U3aq9QQKt3g4k,https://flaky-bend.net/,https://marvelous-neuropsychiatry.net
"Mayer, Conn and Steuber",Balanced scalable paradigm,Tech,Favian_Dare@yahoo.com,uM9Oh3b2XerDPwO,https://hilarious-harm.biz,https://pungent-supervisor.net
Hirthe - Fay,Progressive mobile flexibility,Environmental and Sustainability,Reyna83@gmail.com,V9uJ2yvDYBxkLeA,https://skeletal-fate.org,https://athletic-adverb.net
"Franecki, Green and Harvey",Synchronised heuristic projection,Tech,Ana_Kessler@gmail.com,quksHwbwxokwgq4,https://flawed-diver.biz,https://peaceful-schoolhouse.net/
Rippin LLC,Enterprise-wide cohesive knowledge base,Athletic,Armando48@hotmail.com,R55DkqJY4p30NbR,https://lanky-sail.info/,https://black-illusion.name
Bartell Inc,Vision-oriented directional internet solution,Media,Wava.Hammes@gmail.com,LuZKmiPzTHu0lsL,https://ragged-economy.biz,https://feisty-driveway.biz
Tremblay - Brekke,Self-enabling systemic architecture,Athletic,Naomie94@hotmail.com,NyVSinQES3nzDTq,https://attractive-cloth.com/,https://stingy-concert.org
"Volkman, Runolfsson and Hartmann",Networked system-worthy time-frame,Academic,Antonia_Bashirian71@gmail.com,nfo402UWeUugqMK,https://ill-fated-egg.com,https://bustling-bark.com/
"Boyle, Murphy and McClure",Assimilated heuristic ability,Creative Arts & Music,Macy.Luettgen17@gmail.com,22doNW95xSy1XU2,https://shimmering-strudel.com/,https://tedious-drawer.com
Mosciski LLC,Exclusive analyzing capability,Charitable & Community Service,Sarai24@hotmail.com,6mEQH3nhnbSZXXk,https://ringed-bride.net/,https://forsaken-arithmetic.info/
Herman LLC,Integrated 5th generation focus group,Charitable & Community Service,Quinton.Simonis@hotmail.com,kmktuIv7l_vxbEt,https://shoddy-tow-truck.org/,https://woozy-clipper.com/
"Murray, Veum and Schmitt",Centralized bandwidth-monitored matrices,Environmental and Sustainability,Isom.Lehner@yahoo.com,63nK44D84_jhtBK,https://pretty-lantern.org/,https://arid-wrapper.com
"Wuckert, Lueilwitz and Glover",Cross-platform upward-trending knowledge base,Environmental and Sustainability,Doyle.Jacobi@gmail.com,EtLjr9YnKbmkc8O,https://rash-eddy.net/,https://ripe-sphynx.info/
Larkin - Kihn,Reduced hybrid implementation,Tech,Maribel30@yahoo.com,nzQyI8G8J9tozxx,https://shadowy-referendum.name/,https://wiry-eclipse.info/
Langosh - Simonis,Decentralized homogeneous website,Creative Arts & Music,Nellie_Mertz@gmail.com,jrzYeLawdaQg4kh,https://inexperienced-timber.org,https://vacant-accounting.org
Langosh LLC,De-engineered interactive instruction set,Environmental and Sustainability,Melody.Blanda-Treutel64@gmail.com,lATSDQj06JE61bB,https://favorable-con.info,https://somber-lapdog.org
Hirthe Group,User-friendly actuating model,Athletic,Geovanny_Hane86@hotmail.com,jVYQZarkJqRwZyL,https://amusing-syndrome.name/,https://friendly-caffeine.com/
Keeling - Bogan,Reverse-engineered eco-centric neural-net,Business & Entrepreneurial,Estevan_Mante21@hotmail.com,AAZyYUPj5a2iL4n,https://overdue-realm.org/,https://inferior-columnist.name/
Mohr - Hills,Seamless local application,Charitable & Community Service,Percy.Watsica20@yahoo.com,V8y6FBNU1Oy7seJ,https://unlined-prairie.name/,https://ill-fated-chub.net/
Wiza Inc,Persevering exuding installation,Environmental and Sustainability,Tevin_Lesch-Davis49@yahoo.com,WreuKr5Z22rQywz,https://clear-foal.com/,https://awful-few.com
Gulgowski Group,Virtual foreground hierarchy,Political & Social,Wilfred26@hotmail.com,X2evGNUBUJwWgiA,https://alert-metallurgist.net/,https://helpless-spree.info
"Bahringer, Keeling and Senger",Switchable client-server open system,Tech,Rodrigo63@hotmail.com,2Yi4n2zSb2JJeyB,https://tepid-marxism.biz/,https://flustered-scrim.com/
Ledner - Weimann,Optimized composite throughput,Academic,Reba_Cartwright21@yahoo.com,0Y6Z7YLVh8SezPK,https://verifiable-doubter.com,https://open-potato.info
McKenzie - Weimann,User-centric zero tolerance utilisation,Cultural,Santina_White80@hotmail.com,oWQ78zIurp5vNu9,https://ready-wrench.org,https://illustrious-enforcement.biz
Hammes - Beer,Exclusive background access,Tech,London.Bartell3@gmail.com,r9gTntJkBUVnm5Q,https://pleasant-bank.com,https://second-chainstay.info/
"Kozey, Lesch and Boyer",Synchronised zero tolerance ability,Media,Keyshawn21@yahoo.com,fCZpqC7_jPBEguE,https://intrepid-population.org,https://slimy-rotation.biz
Rath Group,Total multi-state support,Creative Arts & Music,Ray64@yahoo.com,McDcoqudLDG1eN0,https://witty-seaplane.net,https://fitting-conception.com
Berge - Langosh,Diverse reciprocal data-warehouse,Creative Arts & Music,Beulah.Strosin33@hotmail.com,sOI6r1WmNCt9Afk,https://frank-roster.net/,https://traumatic-press.biz/
"Blick, Cummerata and Kunde",Open-source intermediate approach,Cultural,Aileen94@yahoo.com,9gqKvIXBTaHyLZw,https://unfinished-creativity.net,https://doting-kilometer.info
Kshlerin LLC,Managed motivating standardization,Cultural,Jaron_Upton@gmail.com,IAZti5YhoElHYN1,https://practical-wetland.com/,https://firm-nudge.org/
Keeling - Waelchi,Progressive leading edge forecast,Environmental and Sustainability,Amparo16@hotmail.com,GyInAq6AKws1p9Z,https://black-and-white-digit.org/,https://scholarly-fry.net
Watsica - Orn,Vision-oriented high-level algorithm,Charitable & Community Service,Oran14@yahoo.com,HecKm4qm3eMd2hp,https://elaborate-graffiti.com,https://mature-fraudster.org
"Batz, Schroeder and Lockman",Assimilated solution-oriented infrastructure,Creative Arts & Music,Carmelo.Hegmann@gmail.com,Dkg2y1J4qXSgUv9,https://serene-denim.name/,https://fluid-state.org/
Graham LLC,Organized multi-tasking paradigm,Business & Entrepreneurial,Josianne.Jenkins@yahoo.com,KhXmF6bU_WpBEsR,https://failing-praise.name,https://tasty-dress.com/
